id,photo,title,sample_crate_id
1,inspection/2023/02/24/20230222_203919000_iOS.jpg,Crate Photo,1
2,inspection/2023/02/24/20230222_203629000_iOS.jpg,Label,1
3,inspection/2023/02/24/20230222_203902000_iOS.jpg,Crate Photo,1
4,inspection/2023/06/13/IMG_5768.JPG,All samples,6
5,inspection/2023/06/20/IMG_5804.JPG,tracking label,8
6,inspection/2023/06/20/IMG_5805.JPG,full box,8
7,inspection/2023/06/20/IMG_5806.JPG,all samples,8
8,inspection/2023/06/20/IMG_5795.JPG,shipping title,10
9,inspection/2023/06/20/IMG_5796.JPG,box,10
10,inspection/2023/06/20/IMG_5797.JPG,samples in box,10
11,inspection/2023/06/27/IMG_5825.JPG,F1 Label,11
12,inspection/2023/06/27/IMG_5826.JPG,F1 box,11
13,inspection/2023/06/27/IMG_5831.JPG,F2 label,11
14,inspection/2023/06/27/IMG_5832.JPG,F2 box,11
15,inspection/2023/07/19/IMG_5851.JPG,label,12
16,inspection/2023/07/19/IMG_5852.JPG,box,12
17,inspection/2023/07/19/IMG_5860.JPG,label,13
18,inspection/2023/07/19/IMG_5861.JPG,box,13
19,inspection/2023/07/19/IMG_5862.JPG,samples in boxes,13
20,inspection/2023/07/27/IMG_5872.JPG,shipping label,14
21,inspection/2023/07/27/IMG_5873.JPG,box,14
22,inspection/2023/07/27/IMG_5874.JPG,samples in box,14
23,inspection/2023/07/27/IMG_5882.JPG,shipping label,15
24,inspection/2023/07/27/IMG_5883.JPG,box,15
25,inspection/2023/07/27/IMG_5888.JPG,shipping label,16
26,inspection/2023/07/27/IMG_5889.JPG,box,16
27,inspection/2023/07/27/IMG_5890.JPG,samples in box,16
28,inspection/2023/08/01/IMG_5895.JPG,shipping information,18
29,inspection/2023/08/01/IMG_5896.JPG,crate,18
30,inspection/2023/08/01/IMG_5897.JPG,box,18
31,inspection/2023/08/01/IMG_5898.JPG,sample in box,18
32,inspection/2023/08/02/IMG_5903.JPG,shipping label,20
33,inspection/2023/08/02/IMG_5904.JPG,box,20
34,inspection/2023/08/02/IMG_5905.JPG,samples in box,20
35,inspection/2023/08/07/IMG_5928.JPG,shipping label,21
36,inspection/2023/08/07/IMG_5929.JPG,box,21
37,inspection/2023/08/07/IMG_5930.JPG,samples in box,21
38,inspection/2023/08/07/IMG_5921.JPG,shipping label,22
39,inspection/2023/08/07/IMG_5922.JPG,box label,22
40,inspection/2023/08/07/IMG_5923.JPG,box,22
41,inspection/2023/08/09/IMG_5575.JPG,Box label,23
42,inspection/2023/08/09/IMG_5576.JPG,box,23
43,inspection/2023/08/09/IMG_5577.JPG,samples in box,23
44,inspection/2023/08/11/IMG_5944.JPG,shipping label,25
45,inspection/2023/08/11/IMG_5945.JPG,sample box,25
46,inspection/2023/08/22/IMG_5950.JPG,shipping label,26
47,inspection/2023/08/22/IMG_5951.JPG,crate label,26
48,inspection/2023/08/22/IMG_5952.JPG,crate,26
49,inspection/2023/08/28/IMG_5958.JPG,shipping label,27
50,inspection/2023/08/28/IMG_5959.JPG,box,27
51,inspection/2023/09/13/IMG_5965.JPG,Box label,29
52,inspection/2023/09/13/IMG_5966.JPG,Box,29
53,inspection/2023/09/13/IMG_5972.JPG,box label,30
54,inspection/2023/09/13/IMG_5973.JPG,box,30
55,inspection/2023/09/13/IMG_5974.JPG,sample in box,30
56,inspection/2023/09/13/IMG_5980.JPG,label,31
57,inspection/2023/09/13/IMG_5981.JPG,box,31
58,inspection/2023/09/13/IMG_5982.JPG,samples in box,31
59,inspection/2023/09/20/IMG_5991.JPG,box label,32
60,inspection/2023/09/20/IMG_5992.JPG,box,32
61,inspection/2023/09/20/IMG_5993.JPG,sample in box,32
62,inspection/2023/09/26/IMG_5998.JPG,shipping label,33
63,inspection/2023/09/26/IMG_5999.JPG,box,33
64,inspection/2023/09/26/IMG_6001.JPG,sample in box,33
65,inspection/2023/09/28/IMG_6008.JPG,Box label,34
66,inspection/2023/09/28/IMG_6009.JPG,box,34
67,inspection/2023/09/28/IMG_6010.JPG,Samples in Box,34
68,inspection/2023/09/28/IMG_6019.JPG,CO Buttons,34
69,inspection/2023/09/29/IMG_6036.JPG,box label,35
70,inspection/2023/09/29/IMG_6037.JPG,box,35
71,inspection/2023/09/29/IMG_6038.JPG,box in sample,35
72,inspection/2023/09/29/IMG_6043.JPG,box label,36
73,inspection/2023/09/29/IMG_6044.JPG,box,36
74,inspection/2023/09/29/IMG_6045.JPG,samples in box,36
75,inspection/2023/10/13/IMG_6054.JPG,Box label,37
76,inspection/2023/10/13/IMG_6055.JPG,box,37
77,inspection/2023/10/13/IMG_6056.JPG,sample inside box,37
78,inspection/2023/10/13/IMG_6061.JPG,box label,38
79,inspection/2023/10/13/IMG_6062.JPG,box,38
80,inspection/2023/10/13/IMG_6063.JPG,samples in box,38
81,inspection/2023/10/16/IMG_6079.JPG,Shipping label,40
82,inspection/2023/10/16/IMG_6080.JPG,box,40
83,inspection/2023/10/16/IMG_6081.JPG,sample in box,40
84,inspection/2023/10/16/IMG_6072.JPG,shipping label,41
85,inspection/2023/10/16/IMG_6073.JPG,box,41
86,inspection/2023/10/16/IMG_6074.JPG,samples in box,41
87,inspection/2023/10/17/IMG_6086.JPG,shipping label,42
88,inspection/2023/10/17/IMG_6087.JPG,box,42
89,inspection/2023/10/17/IMG_6088.JPG,sample in box,42
90,inspection/2023/10/17/IMG_6093.JPG,shipping label,43
91,inspection/2023/10/17/IMG_6094.JPG,box,43
92,inspection/2023/10/17/IMG_6095.JPG,samples in box,43
93,inspection/2023/10/20/IMG_6108.JPG,shipping label,44
94,inspection/2023/10/20/IMG_6109.JPG,box,44
95,inspection/2023/10/23/IMG_6114.JPG,shipping label,45
96,inspection/2023/10/23/IMG_6115.JPG,Box,45
97,inspection/2023/10/23/IMG_6120.JPG,shipping label,46
98,inspection/2023/10/23/IMG_6121.JPG,box,46
99,inspection/2023/10/23/IMG_6122.JPG,sample in box,46
100,inspection/2023/10/24/IMG_6127.JPG,shipping label,47
101,inspection/2023/10/24/IMG_6128.JPG,box,47
102,inspection/2023/10/24/IMG_6129.JPG,samples in box,47
103,inspection/2023/10/27/IMG_6144.JPG,shipping info,48
104,inspection/2023/10/27/IMG_6145.JPG,box,48
105,inspection/2023/10/27/IMG_6151.JPG,shipping label,49
106,inspection/2023/10/27/IMG_6152.JPG,box,49
107,inspection/2023/11/06/IMG_6159.JPG,shipping info,50
108,inspection/2023/11/06/IMG_6160.JPG,sample box,50
109,inspection/2023/11/06/IMG_6161.JPG,samples in box,50
110,inspection/2023/11/06/IMG_6170.JPG,Shipping information,51
111,inspection/2023/11/06/IMG_6171.JPG,Sample box,51
112,inspection/2023/11/06/IMG_6180.JPG,shipping label,52
113,inspection/2023/11/06/IMG_6181.JPG,box A2,52
114,inspection/2023/11/06/IMG_6187.JPG,Box B2,52
115,inspection/2023/11/06/IMG_6193.JPG,B1 box,52
116,inspection/2023/11/06/IMG_6199.JPG,A1 Box,52
117,inspection/2023/11/06/IMG_6204.JPG,shipping information,53
118,inspection/2023/11/06/IMG_6205.JPG,sample box,53
119,inspection/2023/11/06/IMG_6210.JPG,shipping label,54
120,inspection/2023/11/06/IMG_6211.JPG,box,54
121,inspection/2023/11/06/IMG_6212.JPG,samples in box,54
122,inspection/2023/11/08/IMG_6221.JPG,shipping label,55
123,inspection/2023/11/08/IMG_6222.JPG,box,55
124,inspection/2023/11/08/IMG_6246.JPG,shipping info,56
125,inspection/2023/11/08/IMG_6247.JPG,box,56
126,inspection/2023/11/08/IMG_6254.JPG,shipping label,57
127,inspection/2023/11/08/IMG_6255.JPG,shipping box,57
128,inspection/2023/11/08/IMG_6254_AOOYj0w.JPG,shipping info,59
129,inspection/2023/11/08/IMG_6255_n54QeZJ.JPG,box,59
130,inspection/2023/11/10/IMG_6269.JPG,shipping label,60
131,inspection/2023/11/10/IMG_6270.JPG,box/packing info,60
132,inspection/2023/11/15/IMG_6275.JPG,shipping information,61
133,inspection/2023/11/15/IMG_6276.JPG,box,61
134,inspection/2023/11/15/IMG_6286.JPG,Shipping information,63
135,inspection/2023/11/15/IMG_6287.JPG,box,63
136,inspection/2023/11/15/IMG_6280.JPG,shipping information,65
137,inspection/2023/11/15/IMG_6281.JPG,sample box,65
138,inspection/2023/11/15/IMG_6291.JPG,shipping information,66
139,inspection/2023/11/15/IMG_6292.JPG,box,66
140,inspection/2023/11/15/IMG_6296.JPG,shipping label,67
141,inspection/2023/11/15/IMG_6297.JPG,box,67
142,inspection/2023/11/15/IMG_6302.JPG,Shipping label,68
143,inspection/2023/11/15/IMG_6303.JPG,crate,68
144,inspection/2023/11/27/IMG_6329.JPG,shipping label,70
145,inspection/2023/11/27/IMG_6330.JPG,box,70
146,inspection/2023/11/27/IMG_6338.JPG,shipping label,71
147,inspection/2023/11/27/IMG_6339.JPG,box,71
148,inspection/2023/11/27/IMG_6343.JPG,shipping label,72
149,inspection/2023/11/27/IMG_6344.JPG,sample box,72
150,inspection/2023/11/28/IMG_6320.JPG,shipping label,74
151,inspection/2023/11/28/IMG_6321.JPG,box,74
152,inspection/2023/11/28/IMG_6360.JPG,shipping label,75
153,inspection/2023/11/28/IMG_6355.JPG,box,75
154,inspection/2023/11/30/IMG_6406.JPG,shipping label,77
155,inspection/2023/11/30/IMG_6407.JPG,box,77
156,inspection/2023/11/30/IMG_6430.JPG,shipping label,78
157,inspection/2023/11/30/IMG_6431.JPG,box,78
158,inspection/2023/11/30/IMG_6367.JPG,shipping label,79
159,inspection/2023/11/30/IMG_6368.JPG,sample box,79
160,inspection/2023/11/30/IMG_6372.JPG,shipping label,80
161,inspection/2023/11/30/IMG_6373.JPG,box,80
162,inspection/2023/11/30/IMG_6378.JPG,shipping label,81
163,inspection/2023/11/30/IMG_6379.JPG,box,81
164,inspection/2023/11/30/IMG_6383.JPG,shipping label,82
165,inspection/2023/11/30/IMG_6384.JPG,box,82
166,inspection/2023/12/01/IMG_6435.JPG,shipping label,83
167,inspection/2023/12/01/IMG_6436.JPG,box,83
168,inspection/2023/12/03/IMG_6441.JPG,shipping label,84
169,inspection/2023/12/03/IMG_6442.JPG,box,84
170,inspection/2023/12/04/IMG_6447.JPG,shipping label,85
171,inspection/2023/12/04/IMG_6448.JPG,box,85
172,inspection/2023/12/06/IMG_6452.JPG,shipping label,86
173,inspection/2023/12/06/IMG_6453.JPG,crate,86
174,inspection/2023/12/06/IMG_6487.JPG,shipping label,87
175,inspection/2023/12/06/IMG_6488.JPG,box,87
176,inspection/2023/12/11/IMG_6495.JPG,shipping label,88
177,inspection/2023/12/11/IMG_6496.JPG,box,88
178,inspection/2023/12/11/IMG_6497.JPG,sample in box,88
179,inspection/2023/12/11/IMG_6506.JPG,shipping label,89
180,inspection/2023/12/11/IMG_6507.JPG,box,89
181,inspection/2023/12/11/IMG_6501.JPG,shipping label,90
182,inspection/2023/12/11/IMG_6502.JPG,box,90
183,inspection/2023/12/18/IMG_6512.JPG,shipping label,91
184,inspection/2023/12/18/IMG_6513.JPG,sample box,91
185,inspection/2023/12/18/IMG_6514.JPG,sample in box,91
186,inspection/2023/12/21/IMG_6543.JPG,shipping label,92
187,inspection/2023/12/21/IMG_6544.JPG,crate,92
188,inspection/2024/01/03/IMG_6557.JPG,shipping label,93
189,inspection/2024/01/03/IMG_6558.JPG,sample box,93
190,inspection/2024/01/03/IMG_6563.JPG,shipping label,94
191,inspection/2024/01/03/IMG_6564.JPG,box,94
192,inspection/2024/01/04/IMG_6575.JPG,box label,95
193,inspection/2024/01/04/IMG_6576.JPG,box,95
194,inspection/2024/01/05/IMG_6585.JPG,box label,96
195,inspection/2024/01/05/IMG_6587.JPG,box,96
196,inspection/2024/01/08/IMG_6591.JPG,shipping label,97
197,inspection/2024/01/08/IMG_6592.JPG,box,97
198,inspection/2024/01/12/IMG_6600.JPG,shipping label,98
199,inspection/2024/01/12/IMG_6601.JPG,box,98
200,inspection/2024/01/12/IMG_6609.JPG,shipping label,99
201,inspection/2024/01/12/IMG_6610.JPG,box,99
202,inspection/2024/01/22/IMG_6624.JPG,shipping label,100
203,inspection/2024/01/22/IMG_6625.JPG,box,100
204,inspection/2024/01/22/IMG_6629.JPG,shipping label,101
205,inspection/2024/01/22/IMG_6630.JPG,box,101
206,inspection/2024/01/22/IMG_6634.JPG,shipping label,102
207,inspection/2024/01/22/IMG_6635.JPG,barrel,102
208,inspection/2024/01/23/IMG_6651.JPG,shipping label,103
209,inspection/2024/01/23/IMG_6652.JPG,box,103
210,inspection/2024/01/24/IMG_6661.JPG,shipping label,104
211,inspection/2024/01/24/IMG_6662.JPG,box,104
212,inspection/2024/02/06/IMG_6666.JPG,shipping label,105
213,inspection/2024/02/06/IMG_6667.JPG,box,105
214,inspection/2024/02/12/IMG_6672.JPG,shipping label,107
215,inspection/2024/02/12/IMG_6673.JPG,box,107
216,inspection/2024/02/16/IMG_6678.JPG,shipping label,108
217,inspection/2024/02/16/IMG_6679.JPG,box,108
218,inspection/2024/02/16/IMG_6687.JPG,shipping label,109
219,inspection/2024/02/16/IMG_6688.JPG,box,109
220,inspection/2024/02/28/IMG_6702.JPG,shipping label,110
221,inspection/2024/02/28/IMG_6703.JPG,box with information,110
222,inspection/2024/02/29/IMG_6709.JPG,shipping label,111
223,inspection/2024/02/29/IMG_6710.JPG,box,111
224,inspection/2024/02/29/IMG_6715.JPG,shipping label,112
225,inspection/2024/02/29/IMG_6716.JPG,box,112
226,inspection/2024/02/29/IMG_6720.JPG,shipping label 2,112
227,inspection/2024/02/29/IMG_6721.JPG,box 2,112
228,inspection/2024/03/12/IMG_6735.JPG,Unit 700 label,113
229,inspection/2024/03/12/IMG_6736.JPG,Unit 700 box,113
230,inspection/2024/03/12/IMG_6737.JPG,Unit 700 box,113
231,inspection/2024/03/12/IMG_6729.JPG,Unit 900 label,113
232,inspection/2024/03/12/IMG_6730.JPG,Unit 900 box,113
233,inspection/2024/03/12/IMG_6744.JPG,shipping label,114
234,inspection/2024/03/12/IMG_6745.JPG,box,114
235,inspection/2024/03/13/MicrosoftTeams-image.png,Unit 2 Label,115
236,inspection/2024/03/13/MicrosoftTeams-image_2.png,Unit 2 Box,115
237,inspection/2024/03/20/IMG_6756.JPG,shipping label,116
238,inspection/2024/03/20/IMG_6757.JPG,box,116
239,inspection/2024/03/20/IMG_6762.JPG,shipping label,117
240,inspection/2024/03/20/IMG_6763.JPG,box,117
241,inspection/2024/03/26/IMG_6767.JPG,shipping label,118
242,inspection/2024/03/26/IMG_6768.JPG,box,118
243,inspection/2024/03/26/IMG_6773.JPG,shipping label,119
244,inspection/2024/03/26/IMG_6774.JPG,box,119
245,inspection/2024/03/26/IMG_6005.jpeg,Unit 7 Label,120
246,inspection/2024/03/26/IMG_6006.jpeg,Unit 7 Box,120
247,inspection/2024/03/26/IMG_6010_aOwzfdO.jpeg,Unit 7 True Label,120
248,inspection/2024/03/26/IMG_6011.jpeg,Unit 7 True Box,120
249,inspection/2024/03/26/IMG_6005_ujCByNM.jpeg,Unit 3 Label,121
250,inspection/2024/03/26/IMG_6006_LYA8tcV.jpeg,Unit 3 Box,121
251,inspection/2024/03/27/IMG_6018.jpeg,Label,122
252,inspection/2024/03/27/IMG_6019.jpeg,Box,122
253,inspection/2024/04/02/IMG_6036.jpeg,Unit 17 Label,123
254,inspection/2024/04/02/IMG_6037.jpeg,Unit 17 Box,123
255,inspection/2024/04/02/IMG_6038.jpeg,Unit 17 Box,123
256,inspection/2024/04/02/IMG_6039.jpeg,Unit 17 Box,123
257,inspection/2024/04/04/IMG_6061.jpeg,Unit 28 Label,124
258,inspection/2024/04/04/IMG_6062.jpeg,Unit 28 Box,124
259,inspection/2024/04/05/IMG_6794.JPG,shipping label,125
260,inspection/2024/04/05/IMG_6795.JPG,box,125
261,inspection/2024/04/05/IMG_6792.JPG,shipping label,126
262,inspection/2024/04/05/IMG_6793.JPG,crate,126
263,inspection/2024/04/08/processed-A79392B0-8D52-406B-A619-53D873E1C1E6.jpeg,Shipping label,127
264,inspection/2024/04/08/processed-5838063D-FD67-424A-AC0E-07A681BD2EF4.jpeg,box,127
265,inspection/2024/04/10/IMG_6077.jpeg,Unit 2 Label,128
266,inspection/2024/04/10/IMG_6078.jpeg,Unit 2 Box,128
267,inspection/2024/04/10/IMG_6082.jpeg,Plant Harris Label,129
268,inspection/2024/04/10/IMG_6083.jpeg,Plant Harris Box,129
269,inspection/2024/04/10/IMG_6082_1ajdbqJ.jpeg,Plant Harris Label,130
270,inspection/2024/04/10/IMG_6083_PIqdtXm.jpeg,Plant Harris Box,130
271,inspection/2024/04/10/IMG_6082_0UW0Tez.jpeg,Plant Harris Label,131
272,inspection/2024/04/10/IMG_6083_jSW2mMr.jpeg,Plant Harris Box,131
273,inspection/2024/04/10/IMG_6082_wTqX1Ze.jpeg,Plant Harris Label,132
274,inspection/2024/04/10/IMG_6083_A9Eh3z3.jpeg,Plant Harris Box,132
275,inspection/2024/04/10/IMG_6097.jpeg,SAFI Label,133
276,inspection/2024/04/10/IMG_6096.jpeg,SAFI Crate,133
277,inspection/2024/04/10/IMG_6097_1c8CvvG.jpeg,SAFI Label,134
278,inspection/2024/04/10/IMG_6096_m0KhheJ.jpeg,SAFI Crate,134
279,inspection/2024/04/16/IMG_6828.JPG,shipping label,135
280,inspection/2024/04/16/IMG_6829.JPG,box,135
281,inspection/2024/04/16/IMG_6812.JPG,shipping label,136
282,inspection/2024/04/16/IMG_6813.JPG,box,136
283,inspection/2024/04/16/IMG_6818.JPG,shipping label,137
284,inspection/2024/04/16/IMG_6819.JPG,box,137
285,inspection/2024/04/17/IMG_6834.JPG,shipping label,138
286,inspection/2024/04/17/IMG_6835.JPG,box,138
287,inspection/2024/04/19/IMG_6845.JPG,shipping label,140
288,inspection/2024/04/19/IMG_6846.JPG,box,140
289,inspection/2024/04/24/IMG_6867.JPG,shipping label,141
290,inspection/2024/04/24/IMG_6868.JPG,box,141
291,inspection/2024/04/24/IMG_6860.JPG,shipping label,142
292,inspection/2024/04/24/IMG_6861.JPG,box,142
293,inspection/2024/04/26/IMG_6874.JPG,shipping label,143
294,inspection/2024/04/26/IMG_6875.JPG,drum,143
295,inspection/2024/04/26/IMG_6884.JPG,shipping label,144
296,inspection/2024/04/26/IMG_6885.JPG,box,144
297,inspection/2024/04/26/IMG_6896.JPG,shipping label 2,144
298,inspection/2024/04/26/IMG_6897.JPG,box 2,144
299,inspection/2024/04/26/IMG_6892.JPG,shipping label,146
300,inspection/2024/04/26/IMG_6893.JPG,box,146
301,inspection/2024/04/26/IMG_6901.JPG,shipping label,147
302,inspection/2024/04/26/IMG_6902.JPG,box,147
303,inspection/2024/04/26/IMG_6906.JPG,shipping label,148
304,inspection/2024/04/26/IMG_6907.JPG,box,148
305,inspection/2024/04/26/IMG_6918.JPG,shipping label,149
306,inspection/2024/04/26/IMG_6919.JPG,box,149
307,inspection/2024/04/26/IMG_6918_SfOuTFO.JPG,shipping label,150
308,inspection/2024/04/26/IMG_6919_1OhmdrU.JPG,box,150
309,inspection/2024/04/26/IMG_6929.JPG,shipping label,151
310,inspection/2024/04/26/IMG_6930.JPG,box,151
311,inspection/2024/04/30/IMG_6388.jpeg,Unit 1 Label,152
312,inspection/2024/04/30/IMG_6389.jpeg,Unit 1 Box,152
313,inspection/2024/04/30/IMG_6393.jpeg,Unit 1 Label,153
314,inspection/2024/04/30/IMG_6394.jpeg,Unit 1 Box,153
315,inspection/2024/04/30/IMG_6406.jpeg,Unit 1B Label,154
316,inspection/2024/04/30/IMG_6407.jpeg,Unit 1B Box,154
317,inspection/2024/04/30/IMG_6398.jpeg,Unit 6A Label,155
318,inspection/2024/04/30/IMG_6399.jpeg,Unit 6A Box,155
319,inspection/2024/04/30/IMG_6398_gtHZYUK.jpeg,Unit 6B,156
320,inspection/2024/04/30/IMG_6399_E4ZWgSz.jpeg,Unit 6B Box,156
321,inspection/2024/04/30/IMG_6413.jpeg,Unit 8 Label,157
322,inspection/2024/04/30/IMG_6414.jpeg,Unit 8 Box,157
323,inspection/2024/04/30/IMG_6413_J301JwL.jpeg,Unit 9 Label,158
324,inspection/2024/04/30/IMG_6414_aIHYci0.jpeg,Unit 9 Box,158
325,inspection/2024/05/06/IMG_6437.jpeg,Unit 1 Label,159
326,inspection/2024/05/06/IMG_6434.jpeg,Unit 1 Label,159
327,inspection/2024/05/06/IMG_6435.jpeg,Unit 1 Box,159
328,inspection/2024/05/06/IMG_6939.JPG,shipping info,160
329,inspection/2024/05/06/IMG_6974.JPG,shipping info 2,160
330,inspection/2024/05/06/IMG_6940.JPG,samples in crate,160
331,inspection/2024/05/13/IMG_6467.jpeg,LLC 14 Label,161
332,inspection/2024/05/13/IMG_6468.jpeg,LLC 14 Box,161
333,inspection/2024/05/13/IMG_6469.jpeg,LLC 14 Interior,161
334,inspection/2024/05/13/IMG_6474.jpeg,LCC13 Label,162
335,inspection/2024/05/13/IMG_6475.jpeg,LCC13 Box,162
336,inspection/2024/05/13/IMG_6476.jpeg,LCC13 Interior,162
337,inspection/2024/05/13/IMG_6480.jpeg,Sisu/Teco Label,163
338,inspection/2024/05/13/IMG_6481.jpeg,Sisu/Teco Box,163
339,inspection/2024/05/22/IMG_6976.JPG,Box,165
340,inspection/2024/05/22/IMG_6977.JPG,Label,165
341,inspection/2024/05/22/IMG_6978.JPG,Box,165
342,inspection/2024/05/22/IMG_6979.JPG,Paperwork,165
343,inspection/2024/05/22/IMG_6980.JPG,Sample,165
344,inspection/2024/06/10/IMG_6976.JPG,Box,166
345,inspection/2024/06/10/IMG_6977.JPG,Label,166
346,inspection/2024/06/10/IMG_6978.JPG,Box Marking,166
347,inspection/2024/06/10/IMG_6979.JPG,Paperwork,166
348,inspection/2024/06/10/IMG_6976_yiVsq82.JPG,Box,167
349,inspection/2024/06/10/IMG_6976_xCUTD67.JPG,Box,167
350,inspection/2024/06/10/IMG_6977_5r8ymYE.JPG,Label,167
351,inspection/2024/06/10/IMG_6978_k6f2pxn.JPG,Box Marking,167
352,inspection/2024/06/10/IMG_6979_DsRi6ZM.JPG,Paperwork,167
353,inspection/2024/06/10/IMG_6997.JPG,Label,170
354,inspection/2024/06/10/IMG_6996.JPG,Box,170
355,inspection/2024/06/10/IMG_6996_RoieSVL.JPG,Box,171
356,inspection/2024/06/10/IMG_6997_xpXRufK.JPG,Label,171
357,inspection/2024/06/10/IMG_6984.JPG,Box,172
358,inspection/2024/06/10/IMG_6984_FHxCOy9.JPG,bOX,167
359,inspection/2024/06/10/IMG_6985.JPG,Box 2,167
360,inspection/2024/06/10/IMG_6986.JPG,In Box,167
361,inspection/2024/06/10/IMG_6983_lNMZ9v5.JPG,Label,167
362,inspection/2024/06/11/IMG_7193.JPG,Box,173
363,inspection/2024/06/11/IMG_7194.JPG,Label,173
364,inspection/2024/06/11/IMG_7202.JPG,Box,174
365,inspection/2024/06/11/IMG_7203.JPG,Label,174
366,inspection/2024/06/11/IMG_7209.JPG,Box,175
367,inspection/2024/06/11/IMG_7211.JPG,Paperwork,175
368,inspection/2024/06/11/IMG_7234.JPG,Box,176
369,inspection/2024/06/11/IMG_7217.JPG,Box,177
370,inspection/2024/06/11/IMG_7218.JPG,Label,177
371,inspection/2024/06/12/IMG_7217.JPG,Box,180
372,inspection/2024/06/12/IMG_7218.JPG,Label,180
374,inspection/2024/06/13/IMG_7250.JPG,Box,181
375,inspection/2024/06/13/IMG_7252.JPG,Paperwork,181
376,inspection/2024/06/13/IMG_7269.JPG,Box,182
377,inspection/2024/06/13/IMG_7270.JPG,Box,182
378,inspection/2024/06/13/IMG_7288.JPG,Box,183
379,inspection/2024/06/13/IMG_7289.JPG,Label,183
380,inspection/2024/06/14/IMG_6976.JPG,Box,184
381,inspection/2024/06/14/IMG_6977.JPG,Label,184
382,inspection/2024/06/14/IMG_7326.JPG,Box,185
383,inspection/2024/06/14/IMG_7327.JPG,Label,185
384,inspection/2024/06/14/IMG_7338.JPG,Box,186
385,inspection/2024/06/14/IMG_7339.JPG,Box 2,186
386,inspection/2024/06/14/IMG_7340.JPG,Label,186
387,inspection/2024/06/17/IMG_7365.JPG,Box,187
388,inspection/2024/06/17/IMG_7366.JPG,Box Marking,187
389,inspection/2024/06/17/IMG_7368.JPG,Label,187
390,inspection/2024/06/17/IMG_7378.JPG,Box,188
391,inspection/2024/06/17/IMG_7383.JPG,Label,188
392,inspection/2024/06/17/IMG_7489.JPG,Paperwork,191
393,inspection/2024/06/17/IMG_7503.JPG,Label,191
394,inspection/2024/06/17/IMG_7488.JPG,Box,191
395,inspection/2024/06/17/IMG_7488_T6tsnDk.JPG,Box,192
396,inspection/2024/06/17/IMG_7489_Yz0H9nJ.JPG,Paperwork,192
397,inspection/2024/06/17/IMG_7495.JPG,Samples,192
398,inspection/2024/06/17/IMG_7491.JPG,Paperwork,192
399,inspection/2024/06/17/IMG_7519.JPG,Crate,193
400,inspection/2024/06/17/IMG_7520.JPG,Label,193
401,inspection/2024/06/17/IMG_7525.JPG,Boxes In Crate,193
402,inspection/2024/06/18/IMG_7554.JPG,Box,196
403,inspection/2024/06/18/IMG_7555.JPG,Label,196
404,inspection/2024/06/18/IMG_7557.JPG,In Plastic,196
405,inspection/2024/06/20/IMG_7570.JPG,Box,197
406,inspection/2024/06/20/IMG_7571.JPG,Box 2,197
407,inspection/2024/06/20/IMG_7572.JPG,Label,197
410,inspection/2024/06/20/IMG_7011.JPG,Label,199
411,inspection/2024/06/20/IMG_7012.JPG,Box,199
412,inspection/2024/06/20/IMG_7011_0r3OfSe.JPG,label,200
413,inspection/2024/06/20/IMG_7012_d4bdZIa.JPG,Box,200
414,inspection/2024/06/20/IMG_7029.JPG,Label,201
415,inspection/2024/06/20/IMG_7030.JPG,In Box,201
416,inspection/2024/06/20/IMG_7029_ggWBaR8.JPG,label,202
417,inspection/2024/06/20/IMG_7031.JPG,In Box,202
418,inspection/2024/07/15/IMG_7656.JPG,Box,203
419,inspection/2024/07/15/IMG_7657.JPG,Label,203
420,inspection/2024/07/15/IMG_7659.JPG,In Box,203
421,inspection/2024/07/15/IMG_7661.JPG,In box,203
422,inspection/2024/07/15/IMG_7662.JPG,Out of box,203
423,inspection/2024/07/22/IMG_7641.JPG,crate,204
424,inspection/2024/07/22/IMG_7642.JPG,Label,204
425,inspection/2024/07/22/IMG_7632.JPG,Label,205
426,inspection/2024/07/22/IMG_7631.JPG,Box,205
427,inspection/2024/07/22/IMG_7633.JPG,In Box,205
428,inspection/2024/07/22/IMG_7609.JPG,Box,208
429,inspection/2024/07/22/IMG_7610.JPG,Label,208
430,inspection/2024/07/22/IMG_7619.JPG,Label,209
431,inspection/2024/07/22/IMG_7618.JPG,Box,209
432,inspection/2024/07/22/IMG_7656.JPG,Box,210
433,inspection/2024/07/22/IMG_7657.JPG,Label,210
434,inspection/2024/07/30/IMG_7641.JPG,Crate,212
435,inspection/2024/07/30/IMG_7642.JPG,Label,212
436,inspection/2024/07/30/IMG_7598.JPG,Box,213
437,inspection/2024/07/30/IMG_7599.JPG,Label,213
438,inspection/2024/07/30/IMG_7696.JPG,Boxes,214
439,inspection/2024/07/30/IMG_7698.JPG,Label,214
440,inspection/2024/07/30/IMG_7712.JPG,Box,215
441,inspection/2024/07/30/IMG_7713.JPG,Label,215
442,inspection/2024/08/05/IMG_7744.JPG,Samples,217
443,inspection/2024/08/07/IMG_7721.JPG,Box,218
444,inspection/2024/08/07/IMG_7723.JPG,Lable,218
445,inspection/2024/08/07/IMG_7732.JPG,Box,219
446,inspection/2024/08/07/IMG_7733.JPG,Label,219
447,inspection/2024/08/07/IMG_7785.JPG,Box,220
448,inspection/2024/08/07/IMG_7786.JPG,Label,220
449,inspection/2024/08/28/IMG_7803.JPG,Label,221
450,inspection/2024/08/28/IMG_7803_oxUXGuK.JPG,Box,221
451,inspection/2024/08/28/IMG_7804.JPG,Label,221
452,inspection/2024/08/28/IMG_7805.JPG,Box Marking,221
453,inspection/2024/08/28/IMG_7808.JPG,In Box,221
454,inspection/2024/08/28/IMG_7809.JPG,Paperwork,221
455,inspection/2024/08/28/IMG_7839.JPG,Box,223
456,inspection/2024/08/28/IMG_7840.JPG,Label,223
457,inspection/2024/08/28/IMG_7842.JPG,In Box,223
458,inspection/2024/08/28/IMG_7799.JPG,Box,224
459,inspection/2024/08/28/IMG_7800.JPG,Label,224
460,inspection/2024/08/28/IMG_7801.JPG,Box Marking,224
461,inspection/2024/08/28/IMG_7851.JPG,Paperwork,224
462,inspection/2024/08/28/IMG_7852.JPG,In Box,224
463,inspection/2024/08/28/IMG_7853.JPG,Plastic,224
464,inspection/2024/08/28/IMG_7854.JPG,Unwrapped,224
465,inspection/2024/09/04/IMG_7329.JPG,Box,225
466,inspection/2024/09/04/IMG_7330.JPG,Label,225
467,inspection/2024/09/04/IMG_7331.JPG,In Box,225
468,inspection/2024/09/04/IMG_7332.JPG,In Box 2,225
469,inspection/2024/09/04/IMG_7333.JPG,Full,225
470,inspection/2024/09/04/IMG_7319.JPG,Box,226
471,inspection/2024/09/04/IMG_7320.JPG,Label,226
472,inspection/2024/09/04/IMG_7322.JPG,In Box,226
473,inspection/2024/09/04/IMG_7346.JPG,Box,228
474,inspection/2024/09/04/IMG_7347.JPG,Label,228
475,inspection/2024/09/04/IMG_7803.JPG,Box,229
476,inspection/2024/09/04/IMG_7804.JPG,Label,229
477,inspection/2024/09/04/IMG_7831.JPG,Box,231
478,inspection/2024/09/04/IMG_7832.JPG,Label,231
479,inspection/2024/09/04/IMG_7840.JPG,Label 2,231
480,inspection/2024/09/04/IMG_7840_x2FKRLo.JPG,Label 2,231
481,inspection/2024/09/04/IMG_7799.JPG,Box,232
482,inspection/2024/09/04/IMG_7800.JPG,Label,232
483,inspection/2024/09/04/IMG_7799_JojT7vG.JPG,Box,233
484,inspection/2024/09/04/IMG_7800_Hf18l9U.JPG,Label,233
485,inspection/2024/09/04/IMG_7799_lZNMKvT.JPG,Box,235
486,inspection/2024/09/04/IMG_7800_KR4EVjQ.JPG,Label,235
487,inspection/2024/09/05/IMG_7803.JPG,Box,237
488,inspection/2024/09/05/IMG_7804.JPG,Label,237
489,inspection/2024/09/05/IMG_7803_4HUNp11.JPG,Box,238
490,inspection/2024/09/05/IMG_7804_xxPyIpT.JPG,Label,238
491,inspection/2024/09/05/IMG_7803_Pd14h5u.JPG,Box,239
492,inspection/2024/09/05/IMG_7804_NqT5Rdl.JPG,Label,239
493,inspection/2024/09/10/IMG_7870.JPG,Box,240
494,inspection/2024/09/10/IMG_7875.JPG,Label,240
495,inspection/2024/09/11/IMG_7905.JPG,Crate,241
496,inspection/2024/09/11/IMG_7908.JPG,In Crate,241
497,inspection/2024/09/13/IMG_7925.JPG,Box,242
498,inspection/2024/09/13/IMG_7941.JPG,Label,242
499,inspection/2024/09/13/IMG_7927.JPG,In Box,242
500,inspection/2024/09/13/IMG_7928.JPG,Paperwork,242
501,inspection/2024/09/13/IMG_7929.JPG,Inbox,242
502,inspection/2024/09/13/IMG_7933.JPG,Sample Marking,242
503,inspection/2024/09/13/IMG_7925_cunne06.JPG,Box,243
504,inspection/2024/09/13/IMG_7941_2yX4ngo.JPG,Label,243
505,inspection/2024/09/13/IMG_7927_DQIzAu2.JPG,In Box,243
506,inspection/2024/09/13/IMG_7928_gki42fW.JPG,Paperwork,243
507,inspection/2024/09/13/IMG_7929_XeNgclZ.JPG,In Box,243
508,inspection/2024/09/13/IMG_7937.JPG,Sample Marking,243
509,inspection/2024/09/13/IMG_7942.JPG,Box,244
510,inspection/2024/09/13/IMG_7943.JPG,Label,244
511,inspection/2024/09/13/IMG_7942_n0sXXfX.JPG,Box,245
512,inspection/2024/09/13/IMG_7943_I0NAe6s.JPG,Label,245
513,inspection/2024/09/30/IMG_8009.JPG,Crate,246
514,inspection/2024/09/30/IMG_8010.JPG,Label,246
515,inspection/2024/09/30/IMG_7962.JPG,Box,247
516,inspection/2024/09/30/IMG_7964.JPG,Label,247
517,inspection/2024/09/30/IMG_7973.JPG,Box,248
518,inspection/2024/09/30/IMG_7975.JPG,Label,248
519,inspection/2024/09/30/IMG_7996.JPG,Box,251
520,inspection/2024/09/30/IMG_7997.JPG,Label,251
521,inspection/2024/10/08/IMG_8040.JPG,Box,253
522,inspection/2024/10/08/IMG_8041.JPG,Label,253
523,inspection/2024/10/08/IMG_8051.JPG,Crate,254
524,inspection/2024/10/08/IMG_8052.JPG,Label,254
525,inspection/2024/10/09/IMG_8067.JPG,Box,255
526,inspection/2024/10/09/IMG_8068.JPG,Box Marking,255
527,inspection/2024/10/09/IMG_8099.JPG,Box,256
528,inspection/2024/10/09/IMG_8098.JPG,Label,256
529,inspection/2024/10/09/IMG_8099_aNRksjw.JPG,Box,257
530,inspection/2024/10/09/IMG_8098_GeMQo3g.JPG,Label,257
531,inspection/2024/10/10/IMG_8130.JPG,Box,258
532,inspection/2024/10/10/IMG_8131.JPG,Label,258
533,inspection/2024/10/10/IMG_8130_B0LbkTK.JPG,Box,259
534,inspection/2024/10/10/IMG_8131_JCmColr.JPG,Label,259
535,inspection/2024/10/11/IMG_8154.JPG,Box,260
536,inspection/2024/10/11/IMG_8155.JPG,Label,260
537,inspection/2024/10/11/IMG_8120.JPG,Label,261
538,inspection/2024/10/11/IMG_8142.JPG,Box,262
539,inspection/2024/10/11/IMG_8143.JPG,Label,262
540,inspection/2024/10/11/IMG_8144.JPG,Label,262
541,inspection/2024/10/14/IMG_8176.JPG,Letter,263
542,inspection/2024/10/14/IMG_8175.JPG,Samples,263
543,inspection/2024/10/14/IMG_8177.JPG,Samples,263
544,inspection/2024/10/14/IMG_8176_kZXxgNP.JPG,Letter,264
545,inspection/2024/10/14/IMG_8175_jQagy2u.JPG,Samples,264
546,inspection/2024/10/14/IMG_8177_6jt5imJ.JPG,Samples,264
547,inspection/2024/10/14/IMG_8176_6TLT7tE.JPG,Letter,266
548,inspection/2024/10/14/IMG_8175_2HD2FMo.JPG,Samples,266
549,inspection/2024/10/14/IMG_8177_oDS7b1u.JPG,Samples 2,266
550,inspection/2024/10/17/IMG_8241.JPG,Box,267
551,inspection/2024/10/17/IMG_8242.JPG,Label,267
552,inspection/2024/10/17/IMG_8249.JPG,Box,268
553,inspection/2024/10/17/IMG_8250.JPG,Label,268
554,inspection/2024/10/17/IMG_8264.JPG,Box,269
555,inspection/2024/10/17/IMG_8265.JPG,Label,269
556,inspection/2024/10/17/IMG_8275.JPG,Box,271
557,inspection/2024/10/17/IMG_8276.JPG,Label,271
558,inspection/2024/10/17/IMG_8283.JPG,Box,272
559,inspection/2024/10/17/IMG_8284.JPG,Label,272
560,inspection/2024/10/18/IMG_8293.JPG,Box,274
561,inspection/2024/10/18/IMG_8294.JPG,Label,274
562,inspection/2024/10/18/IMG_8305.JPG,Box,275
563,inspection/2024/10/18/IMG_8306.JPG,Label,275
564,inspection/2024/10/18/IMG_8316.JPG,Box,278
565,inspection/2024/10/18/IMG_8317.JPG,Label,278
566,inspection/2024/10/18/IMG_8327.JPG,Box,279
567,inspection/2024/10/18/IMG_8328.JPG,Label,279
568,inspection/2024/10/18/IMG_8333.JPG,Plastic,279
569,inspection/2024/10/18/IMG_8334.JPG,3 Units,279
570,inspection/2024/10/18/IMG_8327_W6NUHsZ.JPG,Box,280
571,inspection/2024/10/18/IMG_8328_KMg2iGK.JPG,Label,280
572,inspection/2024/10/18/IMG_8333_M8hJDkT.JPG,Plastic,280
573,inspection/2024/10/18/IMG_8335.JPG,3 Units,280
574,inspection/2024/10/18/IMG_8327_1e1awA6.JPG,Box,282
575,inspection/2024/10/18/IMG_8328_kZqy7UU.JPG,Label,282
576,inspection/2024/10/18/IMG_8333_poKZ7UH.JPG,Plastic,282
577,inspection/2024/10/18/IMG_8334_HUzIA1U.JPG,3 Units,282
578,inspection/2024/10/21/IMG_8359.JPG,Box,283
579,inspection/2024/10/21/IMG_8360.JPG,Label,283
580,inspection/2024/10/21/IMG_8361.JPG,Box Marking,283
581,inspection/2024/10/21/IMG_8362.JPG,In Box,283
582,inspection/2024/10/21/IMG_8364.JPG,In Plastic,283
583,inspection/2024/10/21/IMG_8365.JPG,Two Samples,283
584,inspection/2024/10/21/IMG_8359_g0mmRCB.JPG,Box,284
585,inspection/2024/10/21/IMG_8360_1mo0GF6.JPG,Label,284
586,inspection/2024/10/21/IMG_8361_VpzqJGv.JPG,Box Marking,284
587,inspection/2024/10/21/IMG_8363.JPG,In Box,284
588,inspection/2024/10/21/IMG_8364_mRUudlx.JPG,In Plastic,284
589,inspection/2024/10/21/IMG_8365_q3PXIgH.JPG,2 Samples,284
590,inspection/2024/10/21/IMG_8366.JPG,2 Samples,284
591,inspection/2024/10/24/IMG_8387.JPG,Pallet,288
592,inspection/2024/10/24/IMG_8388.JPG,Pallet,288
593,inspection/2024/10/24/IMG_8414.JPG,Box,289
594,inspection/2024/10/24/IMG_8415.JPG,Label,289
595,inspection/2024/10/24/IMG_8416.JPG,Outer Box,289
596,inspection/2024/10/24/IMG_8417.JPG,Inner Box,289
597,inspection/2024/10/24/IMG_8420.JPG,In Box,289
598,inspection/2024/10/24/IMG_8429.JPG,Box,291
599,inspection/2024/10/24/IMG_8431.JPG,Label,291
600,inspection/2024/10/25/IMG_8442.JPG,Box,292
601,inspection/2024/10/25/IMG_8443.JPG,Label,292
602,inspection/2024/10/25/IMG_8442_KAKKwpb.JPG,Box,293
603,inspection/2024/10/25/IMG_8443_rRnGEpI.JPG,Label,293
604,inspection/2024/10/25/IMG_8442_XdbhOm7.JPG,Box,295
605,inspection/2024/10/25/IMG_8443_NHAZcy3.JPG,Label,295
606,inspection/2024/10/25/IMG_8456.JPG,Box,297
607,inspection/2024/10/25/IMG_8473.JPG,Label,297
608,inspection/2024/10/25/IMG_8460.JPG,2 Units,297
609,inspection/2024/10/25/IMG_8456_kVSPSiQ.JPG,Box,298
610,inspection/2024/10/25/IMG_8473_U1byawB.JPG,Label,298
611,inspection/2024/10/25/IMG_8460_t4Rl1ob.JPG,2 Units,298
612,inspection/2024/10/28/IMG_8475.JPG,Box,300
613,inspection/2024/10/28/IMG_8476.JPG,Label,300
614,inspection/2024/10/28/IMG_8494.JPG,Label,300
615,inspection/2024/10/28/IMG_8475_FqCqDXL.JPG,Box,301
616,inspection/2024/10/28/IMG_8476_icsHAw7.JPG,Label,301
617,inspection/2024/10/28/IMG_8494_UqhDzLu.JPG,Label,301
618,inspection/2024/10/30/IMG_8495.JPG,Box,306
619,inspection/2024/10/30/IMG_8496.JPG,Label,306
620,inspection/2024/10/30/IMG_8506.JPG,Box,308
621,inspection/2024/10/30/IMG_8507.JPG,Label,308
624,inspection/2024/10/30/IMG_8506_uYH5gdS.JPG,Box,310
625,inspection/2024/10/30/IMG_8507_F6Dccih.JPG,Lable,310
626,inspection/2024/10/30/IMG_8525.JPG,Box,311
627,inspection/2024/10/30/IMG_8526.JPG,Label,311
628,inspection/2024/10/30/IMG_8536.JPG,Samples / No Box,312
629,inspection/2024/10/30/IMG_8537.JPG,Samples / No Label,312
630,inspection/2024/10/30/IMG_8546.JPG,Box,313
631,inspection/2024/10/30/IMG_8547.JPG,Box Marking,313
632,inspection/2024/10/30/IMG_8548.JPG,Box Marking,313
633,inspection/2024/10/30/IMG_8549.JPG,Label,313
634,inspection/2024/10/30/IMG_8546_oqa9TDP.JPG,Box,314
635,inspection/2024/10/30/IMG_8547_Wt7EO8M.JPG,Box Marking,314
636,inspection/2024/10/30/IMG_8548_6H729Bv.JPG,Box Marking,314
637,inspection/2024/10/30/IMG_8549_twrOxBy.JPG,Label,314
638,inspection/2024/10/31/IMG_8546.JPG,Box,315
639,inspection/2024/10/31/IMG_8547.JPG,Box Marking,315
640,inspection/2024/10/31/IMG_8548.JPG,Box Marking,315
641,inspection/2024/10/31/IMG_8549.JPG,Label,315
642,inspection/2024/10/31/IMG_8546_AlJV5IB.JPG,Box,316
643,inspection/2024/10/31/IMG_8547_ZTOj5fL.JPG,Box Marking,316
644,inspection/2024/10/31/IMG_8549_FJ3WFzD.JPG,Label,316
645,inspection/2024/10/31/IMG_8548_grEHBZJ.JPG,Box Marking,316
646,inspection/2024/11/04/IMG_8584.JPG,Box,318
647,inspection/2024/11/04/IMG_8585.JPG,Label,318
648,inspection/2024/11/05/IMG_7500.JPG,Crate,319
649,inspection/2024/11/05/IMG_7501.JPG,Label,319
650,inspection/2024/11/05/IMG_8595.JPG,Crate,319
651,inspection/2024/11/05/IMG_8596.JPG,Crate,319
652,inspection/2024/11/06/IMG_8633.JPG,Box,321
653,inspection/2024/11/06/IMG_8634.JPG,In Box,321
654,inspection/2024/11/06/IMG_8635.JPG,Paperwork,321
655,inspection/2024/11/11/IMG_7515.JPG,Box,323
656,inspection/2024/11/11/IMG_7516.JPG,Label,323
657,inspection/2024/11/11/IMG_7517.JPG,In Box,323
658,inspection/2024/11/11/IMG_7518.JPG,2 Units,323
659,inspection/2024/11/11/IMG_7519.JPG,2 Units,323
660,inspection/2024/11/11/IMG_7515_VwX2LOD.JPG,Box,324
661,inspection/2024/11/11/IMG_7516_y23TP2B.JPG,Label,324
662,inspection/2024/11/11/IMG_7517_CO3f5Bn.JPG,In Box,324
663,inspection/2024/11/11/IMG_7518_H4ISJXm.JPG,2 Units,324
664,inspection/2024/11/11/IMG_7519_35N8A2Y.JPG,2 Units,324
665,inspection/2024/11/13/IMG_8669.JPG,Box,325
666,inspection/2024/11/13/IMG_8670.JPG,Label,325
667,inspection/2024/11/13/IMG_8678.JPG,Box,326
668,inspection/2024/11/13/IMG_8679.JPG,Label,326
669,inspection/2024/11/14/IMG_8685.JPG,Box,328
670,inspection/2024/11/14/IMG_8686.JPG,Label,328
671,inspection/2024/11/14/IMG_8695.JPG,Box,330
672,inspection/2024/11/14/IMG_8696.JPG,Label,330
673,inspection/2024/11/14/IMG_8705_NlD0xEK.JPG,Box,331
674,inspection/2024/11/14/IMG_8706_6ZUf8z0.JPG,Label,331
675,inspection/2024/11/15/IMG_8705.JPG,Box,332
676,inspection/2024/11/15/IMG_8706.JPG,Label,332
677,inspection/2024/11/18/IMG_8705.JPG,Box,333
678,inspection/2024/11/18/IMG_8706.JPG,Label,333
679,inspection/2024/11/18/IMG_8712.JPG,Box,334
680,inspection/2024/11/18/IMG_8720.JPG,Box,335
681,inspection/2024/11/18/IMG_8721.JPG,In Box,335
682,inspection/2024/11/18/IMG_8866.JPG,Pallet,338
683,inspection/2024/11/18/IMG_8736.JPG,Box,339
684,inspection/2024/11/18/IMG_8737.JPG,Box Marking,339
685,inspection/2024/11/18/IMG_8738.JPG,Label,339
686,inspection/2024/11/18/IMG_8728.JPG,Box,341
687,inspection/2024/11/18/IMG_8729.JPG,Label,341
688,inspection/2024/11/18/IMG_8799.JPG,Box,342
689,inspection/2024/11/18/IMG_8800.JPG,Label,342
690,inspection/2024/11/18/IMG_8788.JPG,Box,343
691,inspection/2024/11/18/IMG_8789.JPG,Label,343
692,inspection/2024/11/18/IMG_8777.JPG,BOx,344
693,inspection/2024/11/18/IMG_8778.JPG,Label,344
694,inspection/2024/11/18/IMG_8760.JPG,Box,345
695,inspection/2024/11/18/IMG_8761.JPG,Box 2,345
696,inspection/2024/11/18/IMG_8762.JPG,Box 3,345
697,inspection/2024/11/18/IMG_8763.JPG,Label,345
698,inspection/2024/11/21/20241101_015120000_iOS.jpg,Containers,346
699,inspection/2024/11/21/20230322_194943000_iOS.jpg,Containers,346
700,inspection/2024/11/21/20241016_202345000_iOS.jpg,Crate,350
701,inspection/2024/11/21/IMG_8929.JPG,Pallet,351
702,inspection/2024/11/21/IMG_8930.JPG,Label,351
703,inspection/2024/11/21/IMG_8931.JPG,Label,351
704,inspection/2024/11/21/IMG_8948.JPG,Box,352
705,inspection/2024/11/21/IMG_8951_VftELwY.JPG,Label,352
706,inspection/2024/11/21/IMG_8950_4z432BU.JPG,Marking,352
707,inspection/2024/11/21/IMG_8953.JPG,2 samples,352
708,inspection/2024/11/25/20240830_162341000_iOS.jpg,Crate,354
709,inspection/2024/11/25/20241029_190445000_iOS.jpg,Crate,355
710,inspection/2024/11/25/20241029_190445000_iOS_XZzCEC8.jpg,Crate,356
711,inspection/2024/12/03/IMG_7598.JPG,Pallet,353
712,inspection/2024/12/03/IMG_8081.JPG,Pallet,353
713,inspection/2024/12/05/IMG_8965.JPG,Box,357
714,inspection/2024/12/05/IMG_8966.JPG,Label,357
715,inspection/2024/12/05/IMG_8978.JPG,Box,359
716,inspection/2024/12/05/IMG_8979.JPG,Label,359
717,inspection/2024/12/05/IMG_8991.JPG,Box,360
718,inspection/2024/12/05/IMG_8992.JPG,Label,360
719,inspection/2024/12/05/IMG_8993.JPG,In Box,360
720,inspection/2024/12/05/IMG_8994.JPG,Paperwork,360
721,inspection/2024/12/05/IMG_8995.JPG,Inbox 2,360
722,inspection/2024/12/05/IMG_8996.JPG,In Box 3,360
723,inspection/2024/12/05/IMG_8991_6E9Hobf.JPG,Box,361
724,inspection/2024/12/05/IMG_8992_56qfRom.JPG,Label,361
725,inspection/2024/12/05/IMG_8993_Eaop93l.JPG,In Box,361
726,inspection/2024/12/05/IMG_8994_vMAtXDJ.JPG,Paperwork,361
727,inspection/2024/12/05/IMG_8995_wWfitkG.JPG,In Box 2,361
728,inspection/2024/12/05/IMG_8996_4My8dXp.JPG,In Box 3,361
729,inspection/2024/12/05/IMG_9026.JPG,Box,362
730,inspection/2024/12/05/IMG_9027.JPG,Box Marking,362
731,inspection/2024/12/05/IMG_9028.JPG,Box Marking 2,362
732,inspection/2024/12/05/IMG_9029.JPG,Label,362
733,inspection/2024/12/09/IMG_9045.JPG,Box,363
734,inspection/2024/12/09/IMG_9044.JPG,Label,363
735,inspection/2024/12/09/IMG_9046.JPG,Box Marking,363
736,inspection/2024/12/09/IMG_9097.JPG,Box,364
737,inspection/2024/12/09/IMG_9098.JPG,Label,364
738,inspection/2024/12/09/IMG_9058.JPG,Box,365
739,inspection/2024/12/09/IMG_9059.JPG,Label,365
740,inspection/2024/12/09/IMG_9058_R7otwNi.JPG,Box,366
741,inspection/2024/12/09/IMG_9059_NnvEkfB.JPG,Label,366
742,inspection/2024/12/09/IMG_9085.JPG,Box,366
743,inspection/2024/12/09/IMG_9086.JPG,Label,366
744,inspection/2024/12/09/IMG_9072.JPG,Box,367
745,inspection/2024/12/09/IMG_9073.JPG,Box 2,367
746,inspection/2024/12/09/IMG_9074.JPG,Label,367
747,inspection/2024/12/09/IMG_9112.JPG,2 Crates,371
748,inspection/2024/12/09/IMG_9113.JPG,Crate,371
749,inspection/2024/12/09/IMG_9114.JPG,Label,371
750,inspection/2024/12/10/IMG_9146.JPG,Crate,372
751,inspection/2024/12/10/IMG_9147.JPG,Shipping Label,372
752,inspection/2024/12/10/IMG_9149.JPG,Crate Marking,372
753,inspection/2024/12/12/IMG_9182.JPG,Crate,373
754,inspection/2024/12/12/IMG_9183.JPG,In Crate,373
755,inspection/2024/12/12/IMG_9184.JPG,Paperwork,373
756,inspection/2024/12/12/IMG_9185.JPG,In Crate 2,373
757,inspection/2024/12/12/IMG_9188.JPG,Crate Label,373
758,inspection/2024/12/12/IMG_9189.JPG,Crate Marking,373
759,inspection/2024/12/12/IMG_9202.JPG,Note,373
760,inspection/2024/12/12/IMG_9203.JPG,Note 2,373
761,inspection/2024/12/12/IMG_9222.JPG,Box,374
762,inspection/2024/12/12/IMG_9223.JPG,Label,374
763,inspection/2024/12/12/IMG_9224.JPG,Paperwork,374
764,inspection/2024/12/12/IMG_9225.JPG,Paperwork 2,374
765,inspection/2024/12/12/IMG_9242.JPG,Crate,375
766,inspection/2024/12/12/IMG_9243.JPG,In Crate,375
767,inspection/2024/12/12/IMG_9261.JPG,Crate 1,376
768,inspection/2024/12/12/IMG_9262.JPG,Crate Label,376
769,inspection/2024/12/12/IMG_9263.JPG,Crate Label 2,376
770,inspection/2024/12/12/IMG_9264.JPG,Crate Label 3,376
771,inspection/2024/12/12/IMG_9265.JPG,In Crate,376
772,inspection/2024/12/12/IMG_9274.JPG,Crate #2,376
773,inspection/2024/12/12/IMG_9275.JPG,Crate #2 Label,376
774,inspection/2024/12/12/IMG_9276.JPG,Crate #2 Label 2,376
775,inspection/2024/12/12/IMG_9277.JPG,Crate #2 Label 3,376
776,inspection/2024/12/12/IMG_9278.JPG,In Crate,376
777,inspection/2024/12/12/IMG_9112.JPG,2 Crates,377
778,inspection/2024/12/12/IMG_9113.JPG,Crate 1,377
779,inspection/2024/12/12/IMG_9114.JPG,Crate 1 Label,377
780,inspection/2024/12/12/IMG_9118.JPG,In Box,377
781,inspection/2024/12/12/IMG_9129.JPG,Crate 2,377
782,inspection/2024/12/12/IMG_9130.JPG,Crate 2 Label,377
783,inspection/2024/12/12/IMG_9015.JPG,Box,378
784,inspection/2024/12/12/IMG_9016.JPG,Label,378
785,inspection/2024/12/17/IMG_9337.JPG,Crate,379
786,inspection/2024/12/17/IMG_9338.JPG,Label,379
787,inspection/2024/12/17/IMG_9339.JPG,Foam,379
788,inspection/2024/12/18/IMG_9364.JPG,Box,380
789,inspection/2024/12/18/IMG_9365.JPG,Label,380
790,inspection/2024/12/18/IMG_9376.JPG,Box,381
791,inspection/2024/12/18/IMG_9377.JPG,Label,381
792,inspection/2024/12/18/IMG_9387.JPG,Box,383
793,inspection/2024/12/18/IMG_9388.JPG,Label,383
794,inspection/2024/12/18/IMG_9389.JPG,Paperwork,383
795,inspection/2024/12/18/IMG_9391.JPG,2 Samples,383
796,inspection/2024/12/18/IMG_9391_8gCqxCe.JPG,2 Samples,383
797,inspection/2024/12/19/IMG_9420.JPG,Box,384
798,inspection/2024/12/19/IMG_9421.JPG,Label,384
799,inspection/2024/12/19/IMG_9423.JPG,In Box,384
800,inspection/2024/12/19/IMG_9420_l01paYE.JPG,Box,385
801,inspection/2024/12/19/IMG_9421_TIs6DIE.JPG,Label,385
802,inspection/2024/12/19/IMG_9434.JPG,Box,385
803,inspection/2024/12/19/IMG_9435.JPG,Label,385
804,inspection/2024/12/19/IMG_9434_iqEtl0m.JPG,Box,386
805,inspection/2024/12/19/IMG_9435_N02u9No.JPG,Label,386
806,inspection/2024/12/19/IMG_9434_zUEVI7X.JPG,Box,387
807,inspection/2024/12/19/IMG_9435_Zm0akcv.JPG,Label,387
808,inspection/2025/01/02/20241223_192942000_iOS.jpg,Crate,388
809,inspection/2025/01/07/IMG_9495.JPG,Box,389
810,inspection/2025/01/07/IMG_9497.JPG,Label,389
811,inspection/2025/01/09/IMG_9514.JPG,Box,390
812,inspection/2025/01/09/IMG_9515.JPG,Label,390
813,inspection/2025/01/09/IMG_9516.JPG,3 Samples,390
814,inspection/2025/01/09/IMG_7612.JPG,Box,388
815,inspection/2025/01/09/IMG_7613.JPG,Label,388
832,inspection/2025/01/13/IMG_9532_gcXo9lX.JPG,Box,397
833,inspection/2025/01/13/IMG_9533_3r0697L.JPG,Label,397
834,inspection/2025/01/13/IMG_9535_nXiqlMp.JPG,Paperwork,397
835,inspection/2025/01/13/IMG_9536_yHPtIXJ.JPG,In Box,397
836,inspection/2025/01/13/IMG_9537.JPG,Plastic,397
837,inspection/2025/01/13/IMG_9538_8ZxYxg7.JPG,2 Samples,397
838,inspection/2025/01/13/IMG_9532_Nxpn0sa.JPG,Box,399
839,inspection/2025/01/13/IMG_9533_P8Eiull.JPG,Label,399
840,inspection/2025/01/13/IMG_9535_lJxElW7.JPG,Paperwork,399
841,inspection/2025/01/13/IMG_9536_D8498BT.JPG,In Box,399
842,inspection/2025/01/13/IMG_9538_6F7dBMq.JPG,2 Samples,399
843,inspection/2025/01/15/IMG_9560.JPG,Box,401
844,inspection/2025/01/15/IMG_9561.JPG,Label,401
845,inspection/2025/01/15/IMG_9562.JPG,In Box,401
846,inspection/2025/01/16/IMG_9577.JPG,3 Samples,402
847,inspection/2025/01/16/IMG_9578.JPG,3 Units,402
848,inspection/2025/01/16/IMG_9577_HX4vsvq.JPG,Full,403
849,inspection/2025/01/16/IMG_9594.JPG,Inlet,403
850,inspection/2025/01/16/IMG_9577_wBmmYoP.JPG,3 samples,403
851,inspection/2025/01/16/IMG_9578_VUt34lZ.JPG,3 Units,403
852,inspection/2025/01/16/IMG_9577_K9JhmWP.JPG,3 Samples,404
853,inspection/2025/01/16/IMG_9578_2nCIxJ9.JPG,3 Units,404
854,inspection/2025/01/16/IMG_9603.JPG,Box,405
855,inspection/2025/01/16/IMG_9604.JPG,Label,405
856,inspection/2025/01/16/IMG_9616.JPG,Box,406
857,inspection/2025/01/16/IMG_9617.JPG,Label,406
858,inspection/2025/01/22/IMG_9667.JPG,Box,408
859,inspection/2025/01/22/IMG_9668.JPG,Label,408
860,inspection/2025/01/22/IMG_9670.JPG,Paperwork,408
861,inspection/2025/01/22/IMG_9671.JPG,Paperwork,408
862,inspection/2025/01/24/IMG_9694.JPG,Box,410
863,inspection/2025/01/24/IMG_9695.JPG,Label,410
864,inspection/2025/01/24/IMG_9696.JPG,Box Marking,410
865,inspection/2025/01/24/IMG_9697.JPG,Box Marking,410
866,inspection/2025/01/24/IMG_9698.JPG,Paperwork,410
867,inspection/2025/01/24/IMG_9705_x7nSmat.JPG,2 Samples,410
868,inspection/2025/01/28/20250128_185028000_iOS.jpg,Crate,411
869,inspection/2025/01/28/20250128_185047000_iOS.jpg,Documentation,411
870,inspection/2025/01/28/20250128_185058000_iOS.jpg,Documentation,411
871,inspection/2025/01/29/20250128_210833000_iOS.jpg,Crate,412
872,inspection/2025/01/29/20250128_185058000_iOS.jpg,Documentation,412
873,inspection/2025/01/29/20250128_185047000_iOS.jpg,Documentation,412
874,inspection/2025/01/30/IMG_9726.JPG,Box,415
875,inspection/2025/01/30/IMG_9727.JPG,SDS,415
876,inspection/2025/01/30/IMG_9729.JPG,In Box,415
877,inspection/2025/01/30/IMG_9730.JPG,Plastic Bag,415
878,inspection/2025/02/07/IMG_9746.JPG,Box,416
879,inspection/2025/02/07/IMG_9747.JPG,Label,416
880,inspection/2025/02/07/IMG_9749.JPG,Bubble Wrap,416
881,inspection/2025/02/07/IMG_9752.JPG,Plastic Bag,416
882,inspection/2025/02/07/IMG_9751.JPG,Bag Marking,416
883,inspection/2025/02/12/IMG_9771.JPG,2 bags,417
884,inspection/2025/02/12/IMG_9772.JPG,2 bags,417
885,inspection/2025/02/12/IMG_9771_nonX9ZA.JPG,2 Bags,418
886,inspection/2025/02/12/IMG_9772_szJiail.JPG,2 Bags,418
887,inspection/2025/02/21/IMG_9811.JPG,Box,419
888,inspection/2025/02/21/IMG_9812.JPG,Label,419
889,inspection/2025/02/21/IMG_9813.JPG,In Box,419
890,inspection/2025/02/21/IMG_9814.JPG,3 Samples,419
891,inspection/2025/02/21/IMG_9823.JPG,Bag,420
892,inspection/2025/02/21/IMG_9811_2sBPbMe.JPG,Box,420
893,inspection/2025/02/21/IMG_9812_sfq6V2L.JPG,label,420
894,inspection/2025/02/21/IMG_9813_aeR7y2X.JPG,In Box,420
895,inspection/2025/02/21/IMG_9814_C8qv25w.JPG,3 Samples,420
896,inspection/2025/02/21/IMG_9811_uuQ9IvV.JPG,Box,421
897,inspection/2025/02/21/IMG_9812_JVhr2qQ.JPG,Label,421
898,inspection/2025/02/21/IMG_9813_om1SwfA.JPG,In Box,421
899,inspection/2025/02/21/IMG_9814_YzI56Mi.JPG,3 Samples,421
900,inspection/2025/02/27/IMG_9808.JPG,Box,422
901,inspection/2025/02/27/IMG_9809.JPG,Box Marking,422
902,inspection/2025/02/27/IMG_9810.JPG,In Box,422
903,inspection/2025/02/27/IMG_9844.JPG,2 Samples,422
904,inspection/2025/02/27/IMG_9867.JPG,Box,423
905,inspection/2025/02/27/IMG_9868.JPG,Label,423
906,inspection/2025/02/27/IMG_9853.JPG,Box,424
907,inspection/2025/02/27/IMG_9854.JPG,Label,424
908,inspection/2025/02/27/IMG_9881.JPG,Box,425
909,inspection/2025/02/27/IMG_9882.JPG,Label,425
910,inspection/2025/02/27/IMG_9883.JPG,Box Marking,425
911,inspection/2025/02/27/IMG_9891.JPG,Broken,425
912,inspection/2025/03/03/IMG_9914.JPG,Box,426
913,inspection/2025/03/03/IMG_9915.JPG,Label,426
914,inspection/2025/03/03/IMG_9916.JPG,Box Marking,426
915,inspection/2025/03/03/IMG_9918.JPG,In Box,426
919,inspection/2025/03/03/IMG_9928.JPG,Box,427
920,inspection/2025/03/03/IMG_9929.JPG,Label,427
921,inspection/2025/03/03/IMG_9930_kNzLCgi.JPG,In Box,427
922,inspection/2025/03/05/IMG_9941.JPG,Box,428
923,inspection/2025/03/05/IMG_9942.JPG,Label,428
924,inspection/2025/03/05/IMG_9944.JPG,In Box,428
925,inspection/2025/03/05/IMG_9964.JPG,Box,429
926,inspection/2025/03/05/IMG_9965.JPG,Label,429
927,inspection/2025/03/05/IMG_9966.JPG,Paperwork,429
