id,name,lab_request_id
9,"Mariposa, 2495-2179-0314.xlsm",88
10,"Valero Corpus Christi, VALE-3-23-1211.xlsm",90
11,Calpine Solano 1L Creed  0706-1774-0558.xlsm,75
12,"Bethlehem, BETH-U5-23-1206.xlsm",84
13,"Bethlehem, BETH-U5-23-1206.xlsm",84
14,"Bethlehem, BETH-U6-23-1206.xlsm",87
15,"Franklin 2A, 2855-0101-00.xlsm",37
16,Jamaica Bay 2706-2042-1450.xlsm,110
17,"Mariposa, 2495-2179-0265.xlsm",88
18,"Fayette Unit 1, 1119-1808-0487(AutoRecovered).xlsm",102
19,PRO-Tec Cal 2993-0101-0085 Bench.xlsm,91
20,"Almond Power II Units 1 2 3, ALMO-3-24-0124.xlsm",106
21,Kendall KEND-23-1130.xlsm,71
22,Biodec Idec Meteor NOx + CO BIO-1-23-1107.xlsm,53
23,Bosque Unit 1 Meteor 4676-0101-8424.xlsm,73
24,Bosque Unit 1 Meteor 4676-0101-8424.xlsm,74
28,Lower Mt Bethel SCR 2581-1254-1039.xlsm,38
29,"Lower Mt Bethel CO Ramp, BETH-CO-U1-23-1024.xlsm",38
30,Lower Mt Bethel SCR 2581-1254-1078.xlsm,38
31,Brentwood NYPA 2377-1005-0573(AutoRecovered).xlsm,57
32,"Fayette Unit 1, 1119-1808-0493.xlsm",102
33,"Fayette Unit 2, 1119-1808-0422.xlsm",102
34,"Fayette Unit 2, 1119-1808-0449.xlsm",102
35,"Jackson Generating Station Unit 1, JACK-1-23-1107.xlsm",62
36,"Jackson Generating Station Unit 2, JACK-2-23-1107.xlsm",62
37,Calpine Solano Riverview Wolfskill.xlsm,81
38,Calpine Solano 1L Creed  0706-1774-0558.xlsm,75
39,Feather River 0930-1554-0595.xlsm,92
40,"Bethlehem, BETH-U5-23-1206.xlsm",84
41,Carlsbad Energy Unit 6 Crossover.xlsm,8
42,"Columbia 579 Unit 1, COLU-1-24-0108.xlsm",101
44,Calpine Solano 1L Creed  0706-1774-0558.xlsm,75
45,"Columbia 579 Unit 1, COLU-1-24-0108.xlsm",101
58,"Bethlehem, BETH-U5-23-1206.xlsm",84
59,"Bethlehem, BETH-U6-23-1206.xlsm",87
62,Calpine Hermiston 1019-1378-0473.xlsm,112
68,Otay Mesa.xlsm,122
69,"Medicine Hat Unit 17, MEDI-17-24-0402.xlsm",129
70,"Panda Temple Generation Unit 11, PAND-11-24-0326, PAND-11-2-24-0326.xlsm",128
71,Lincoln County DUKE-28-24-0404.xlsm,113
72,"Channelview 341, 0119-2417-1036.xlsm",105
76,"Sriracha 1 and 2, SRIR-2-24-0103.xlsm",98
77,"Pastoria Unit 4, PAST-B4-24-0122.xlsm",105
79,Luna Energy LUNA-1-24-0216 Bench.xlsm,111
81,"Hamakua Unit 1, 2629-1037-0436.xlsm",115
82,Magnolia MAGN-9-24-0122.xlsm,107
83,Treasure Coast Replmt TREA-24-0105.xlsm,96
84,"Cane Island 3, 4084-0101-5867.xlsm",114
85,"GCF WHBs Unit 101A, 7001-0010.xlsm",117
86,"GCF WHBs Unit 101B, 4356-0101-0195.xlsm",118
87,"TVA Caledonia, CALE-2-1-24-0228.xlsm",120
88,"TVA Caledonia, CALE-3-2-24-0228.xlsm",121
89,"Panda Temple Generation Unit 11, PAND-11-24-0326, PAND-11-2-24-0326.xlsm",128
90,"Bethpage GT4, 2781-1335-1066.xlsm",152
94,Calpine Morgan 0411-1442-0857.xlsm,123
95,Brazzos Jack County JACK-24-0326.xlsm,125
96,"Bethlehem, BETH-U7-24-0326.xlsm",127
97,"Channelview 341 Unit 3,  0519-3341-1926.xlsm",132
99,"OGE Redbud Unit 2, 4712-0101-4318 SCR.xlsm",100
102,"York 5, YORK-5-2-14-0624 + Std condition.xlsm",186
103,"St. Joseph, STJO-24-0426.xlsm",151
105,Ennis 2857-0102-1101 K Check - MR Adjustment.xlsm,131
106,"Panda Temple Generation Unit 12, PAND-12-24-0326, PAND-12-2-24-0326 Â .xlsm",128
107,"Panda Temple Generation Unit 11, PAND-11-24-0326, PAND-11-2-24-0326.xlsm",128
108,"Bethpage PB3 Unit 3.1, BETH-U3-24-0416.xlsm",169
109,Channel Energy 2395-1265-0759.xlsm,168
110,"Russell City Unit 1, 2466-1347-2971.xlsm",167
111,TECO Thermal Energy SISU-24-0513.xlsm,163
112,"Santan 5, SANT-5B-24-0416.xlsm",160
113,"Santan 5, SANT-5A-24-0416.xlsm",160
114,"XCEL Riverside Unit 10, 2295-1126-1531.xlsm",159
115,"XCEL Riverside Unit 9, 2295-1126-1528.xlsm",159
116,Winchester 2289-1130-0400.xlsm,126
117,BOP Train 2 (2551) Field 2024 System (2551-1068-0425)..xlsm,157
118,Possum Point 6B (2456) Field 2024 System (2456-1333-1199).xlsm,156
119,Possum Point 6A (2456) Field 2024 System (2456-1333-1171).xlsm,156
120,2655 Brunswick County BRUN-1B-24-0430.xlsm,155
121,"El Segundo Train B, SEGU-CO-24-0327.xlsm",154
122,Cumberland 2293-1155-0481.xlsm,153
123,Copy of Edwardsport EDWA-24-0426 (2).xlsm,150
124,"Channelview 341 Unit 1, 0119-2417-1036.xlsm",149
125,Los Medanos 0919-1291-0646.xlsm,148
126,Hamilton Sunstrand 2133-2330-3136.xlsm,147
127,East Hartford 2108-1068-1773.xlsm,146
128,Univ. of Minnesota (2694) Field 2024 System (2694-0101-3218).xlsm,171
129,Tung Hsiao U1-6 (4855) Field 2024 System (9112-2208-6961).xlsm,187
130,"Tracy Unit 8, 2241-1214-1112.xlsm",165
131,Metcalf (2105) Field 2024 System (2105-1020-0048).xlsm,175
132,Channelview (341) U2 Field 2024 System (0122-3417-2300)(7.30.24).xlsm,174
133,Luna Energy (2694) U1 Field 2024 System (1292-1464).xlsm,173
134,Luna Energy (2694) U2 Field 2024 System (LUNA-2-1-24-0520).xlsm,173
135,"Middletown 7, 4556-7001-0019.xlsm",145
136,"Rowan 4B, 1105-2608-2715.xlsm",143
137,"Rowan 4A, 1105-2608-2777.xlsm",143
138,"Pastoria Unit 4, 2086-1286-1184.xlsm",141
139,Westbrook 2411-1300-0725.xlsm,138
140,Lincoln County DUKE-28-24-0404.xlsm,133
141,Baytown Olefins Plant Train.xlsm,39
142,"BOP 2X Replmt 2023 (4989) QP Range 1 System, QPDP (-0566).xlsm",39
145,Brentwood NYPA 2377-1005-0573.xlsm,57
147,"Bethlehem, BETH-U5-23-1206.xlsm",84
153,"OGE Redbud Unit 1, REDB-1-24-0103 SCR.xlsm",99
154,"OGE Redbud Unit 1, REDB-1-24-0103 SCR.xlsm",99
156,"Torrance 2F4, TORR-1-30-0724.xlsm",199
157,DTE Marina Thermal Facility Cogen (2440) Field 2024 System (2440-1223-0224).xlsm,180
158,"Panda Temple Generation Unit 21 Field 2024 (TEMP-21-1-18-0624, TEMP-21-2-18-0624).xlsm",190
159,"Panda Temple Generation Unit 22 Field 2024 (TEMP-22-1-18-0624, TEMP-22-2-18-0624).xlsm",190
160,"Panda Temple Generation Unit 21 Field 2024 (TEMP-21-1-18-0624, TEMP-21-2-18-0624).xlsm",162
161,"Tracy Unit 9, 2241-1214-1071.xlsm",162
162,"Tracy Unit 8, 2241-1214-1112.xlsm",161
163,McDonough (2312) Unit 5A Field 2024 System (2312-1104-1002).xlsm,178
164,McDonough (2312) Unit 5B Field 2024 System (2312-1104-0875).xlsm,178
165,Zeeland HRSG Replmt (2649) Unit 2B Field 2024 System (2649-1190-1134).xlsm,191
166,LR-24-00101-1.xlsm,184
167,LR-24-00094.xlsm,177
168,LR-24-00098.xlsm,181
171,LR-24-00093.xlsm,176
173,24-00117-1.xlsm,200
178,LR-24-00114-1.xlsm,197
179,Franklin (2855) Unit 2A Field 2024 System (9270-16).xlsm,181
180,LR-24-00118-1.xlsm,201
181,LR-24-00125-1.xlsm,208
182,LR-24-00123-1.xlsm,206
185,"Panda Temple Generation Unit 11, PAND-11-24-0326, PAND-11-2-24-0326.xlsm",128
186,LR-24-00128-2_Retest.xlsm,212
187,LR-24-00130.xlsm,214
188,LR-24-00131.xlsm,215
189,Hog Bayou.xlsm,208
191,Tung Hsiao U1-6 (4855) Field 2024 System (9112-2208-6961).xlsm,215
192,LR-24-00089.xlsm,172
193,LR-24-00089.xlsm,172
194,"Ontelaunee, 0815-1324-0479.xlsm",136
198,Calpine Solano 1L Lambie  0706-1774-0612.xlsm,75
203,"Gila River Unit 3B, 1006-1511-0702.xlsm",93
204,"Gila River Unit 3A, 1006-1511-0695.xlsm",93
205,"Sentinel Energy Unit 6, SENT-U6-23-1129.xlsm",69
206,"Eastman Boiler 15, EAST-1-15-12-0724..xlsm",202
207,LR-24-00143-1.xlsm,227
208,LR-24-00143-2.xlsm,227
210,"Columbia 579 Unit 2, 1218-1579-0981.xlsm",101
212,"Sentinel Energy Unit 4, SENT-U4-23-1129 ReTest.xlsm",69
213,"Sentinel Energy Unit 1, 4558-0101-2264.xlsm",72
214,"Sentinel Energy Unit 7, SENT-U7-23-1129.xlsm",69
215,"Sentinel Energy Unit 8, SENT-U8-23-1129.xlsm",69
216,"McIntosh, 4517-0104-0705.xlsm",67
217,2655 Brunswick County BRUN-1A-23-1122 Bench.xlsm,65
218,"Torrance FCC 5505-0101-0452, 5505-0101-0442.xlsm",64
219,"Torrance FCC 5505-0101-0436, 5505-0101-0454.xlsm",64
220,LR-24-00126.xlsm,210
221,LR-24-00127.xlsm,211
222,LR-24-00129.xlsm,213
223,"Sabine River Works Ethylene Cracking Furnace BA 109, 2898-0101-0246.xlsm",70
225,Borger Unit 400K 2808-0101-0473.xlsm,20
226,Columbus Coatings 4666-0101-0104.xlsm,56
227,"LAX CUP Units 201, 4734-0101-0333.xlsm",103
228,"LAX CUP Units 101, 4734-0101-0342.xlsm",104
229,"Tiverton Power, 0202-1288-1281.xlsm",89
230,Syracuse 0221-1040-1461 Pilot.xlsm,41
231,LR-24-00148.xlsm,232
232,LR-24-00148.xlsm,232
233,LR-24-00148.xlsm,232
234,LR-24-00139.xlsm,223
236,Baytown Olefins Plant Train 3.xlsm,39
237,LR-24-00134.xlsm,218
238,LR-24-00134-2.xlsm,218
239,LR-24-00140.xlsm,224
240,LR-24-00140-2.xlsm,224
241,LR-24-00142.xlsm,226
242,LR-24-00142-2.xlsm,226
243,LR-24-00146-1.xlsm,230
244,LR-24-00146-2.xlsm,230
251,LR-24-00115-1.xlsm,198
252,LR-24-00096-1.xlsm,179
253,LR-24-00124.xlsm,207
254,LR-24-00122-1.xlsm,205
255,LR-24-00120-1.xlsm,203
256,LR-24-00112-1.xlsm,195
257,LR-24-00096-2.xlsm,179
258,LR-24-00096-3.xlsm,179
260,LR-24-00099.xlsm,182
262,LR-24-00113-1.xlsm,196
265,"Columbia 579 Unit 1, COLU-1-24-0108.xlsm",101
266,Columbia 579 Unit 1 COLU-1-24-0108.xlsm,101
267,"GCF Aux Package Boiler B)-302, BO-302-24-0229.xlsm",116
268,LR-24-00147.xlsm,231
269,LR-24-00147.xlsm,231
270,LR-24-00147 2.xlsm,231
271,LR-24-00147.xlsm,231
272,LR-24-00147 2.xlsm,231
273,LR-24-00152.xlsm,236
275,LR-24-00153.xlsm,237
276,LR-24-00154.xlsm,238
278,LR-24-00155.xlsm,239
279,LR-24-00158.xlsm,242
280,LR-24-00158.xlsm,242
281,LR-24-00158.xlsm,242
282,LR-24-00160.xlsm,244
283,LR-24-00162.xlsm,246
284,LR-24-00163.xlsm,247
285,LR-24-00161.xlsm,245
286,LR-24-00165.xlsm,249
287,LR-24-00164.xlsm,248
288,LR-24-00164.xlsm,251
290,LR-24-00167-2.xlsm,251
292,LR-24-00168.xlsm,252
293,LR-24-00169.xlsm,253
294,LR-24-00170.xlsm,254
295,LR-24-00171.xlsm,255
296,LR-24-00179-1.xlsm,265
297,LR-24-00172.xlsm,256
298,LR-24-00174-1.xlsm,258
299,LR-24-00174-1.xlsm,258
300,LR-24-00174-2.xlsm,258
301,LR-24-00174-3.xlsm,258
302,LR-24-00174-1.xlsm,258
304,6335-1.xlsm,274
305,6318-2.xlsm,261
306,LR-24-00147-3.xlsm,231
309,LR-24-00158.xlsm,242
310,LR-24-00158-2.xlsm,242
313,LR-24-00176-1.xlsm,262
314,LR-24-00176-2.xlsm,262
317,LR-24-00174-4.xlsm,258
318,LR-24-00177-1.xlsm,263
319,LR-24-00177-2.xlsm,263
320,LR-24-00178.xlsm,264
321,LR-24-00180.xlsm,266
322,LR-24-00181.xlsm,267
323,LR-24-00181.xlsm,267
324,LR-24-00181.xlsm,267
325,LR-24-00182.xlsm,268
326,LR-24-00181.xlsm,267
327,LR-24-00181-2.xlsm,267
328,LR-24-00182.xlsm,268
329,LR-24-00198-1.xlsm,284
330,LR-24-00198-2.xlsm,284
331,LR-24-00198-3.xlsm,284
332,LR-24-00198-4.xlsm,284
333,LR-24-00220-1.xlsm,306
334,LR-24-00220-1.xlsm,306
335,LR-24-00220-2.xlsm,306
336,LR-24-00220-2.xlsm,306
337,LR-24-00220-3.xlsm,306
338,LR-24-00220-4.xlsm,306
339,LR-24-00220-4.xlsm,306
340,LR-24-00220-4.xlsm,306
341,LR-24-00144.xlsm,228
342,LR-24-00135.xlsm,219
343,LR-24-00135.xlsm,219
344,LR-24-00136-1.xlsm,220
345,LR-24-00201.xlsm,287
346,LR-24-00201.xlsm,287
347,LR-24-00195-1.xlsm,281
348,LR-24-00195-2.xlsm,281
349,LR-24-00195-3.xlsm,281
350,LR-24-00195-4.xlsm,281
351,Mont Belvieu PDH Aux Boilers 9270-1617-0543.xlsm,109
352,LR-24-00189-1.xlsm,275
353,LR-24-00189-2.xlsm,275
354,LR-24-00196-1.xlsm,282
355,LR-24-00196-1.xlsm,282
356,LR-24-00196-2.xlsm,282
357,LR-24-00196-2.xlsm,282
358,LR-24-00186.xlsm,267
359,LR-24-00182.xlsm,268
360,LR-24-00216-1.xlsm,302
361,LR-24-00216 - 2 (5pt. CO Ramp).xlsm,302
362,LR-24-00217.xlsm,303
363,LR-24-00217 - 2 (5pt. CO Ramp).xlsm,303
364,LR-24-00218.xlsm,304
365,LR-24-00218 -2 (5pt. CO Ramp).xlsm,304
366,LR-24-00167.xlsm,251
367,LR-24-00183-1.xlsm,269
368,LR-24-00185.xlsm,271
369,LR-24-00186.xlsm,272
370,LR-24-00225.xlsm,311
371,LR-24-00225-2 (CO RAMP).xlsm,311
372,LR-24-00234-2.xlsm,320
373,LR-24-00234-3.xlsm,320
374,LR-24-00234-1.xlsm,320
375,LR-24-00193-1.xlsm,279
376,LR-24-00193-1.xlsm,279
377,LR-24-00193-2.xlsm,279
378,LR-24-00193-2.xlsm,279
379,LR-24-00193-3.xlsm,279
380,LR-24-00193-4.xlsm,279
381,LR-24-00193-4.xlsm,280
382,LR-24-00193-4.xlsm,280
383,LR-24-00194_344.xlsm,280
384,LR-24-00194_345.xlsm,280
385,LR-24-00194_346.xlsm,280
386,LR-24-00213.xlsm,299
387,LR-24-00213.xlsm,299
388,LR-24-00213.xlsm,300
389,LR-24-00203-364.xlsm,289
390,LR-24-00203-365.xlsm,289
391,LR-24-00203-366.xlsm,289
392,LR-24-00221-1.xlsm,307
393,LR-24-00221-1.xlsm,307
394,LR-24-00221-2.xlsm,307
395,LR-24-00221-3.xlsm,307
396,LR-24-00221-4.xlsm,307
397,LR-24-00187.xlsm,273
398,LR-24-00210.xlsm,296
399,LR-24-00199_361.xlsm,285
400,LR-24-00191_337.xlsm,277
401,LR-25-00014_466.xlsm,343
402,LR-25-00014_466.xlsm,294
403,LR-24-00235_418.xlsm,321
404,LR-25-00094_558.xlsm,423
405,LR-25-00094_558.xlsm,423
406,LR-25-00094_558.xlsm,423
407,LR-25-00094_559.xlsm,423
408,LR-24-00224_396.xlsm,310
409,LR-24-00207_370.xlsm,293
410,LR-25-00117_598.xlsm,446
411,LR-24-00182.xlsm,268
412,LR-24-00205_368.xlsm,268
413,LR-24-00205_368.xlsm,291
414,LR-24-00206_369.xlsm,292
415,LR-25-00007_451.xlsm,336
416,LR-25-00007_583.xlsm,336
417,LR-25-00007_451.xlsm,336
418,LR-24-00209_372.xlsm,295
419,LR-24-00230..xlsm,316
421,LR-24-00242_428.xlsm,328
422,LR-25-00108_397.xlsm,437
